cmap,color_space,num_seeds,mean_best_sigma_val,std_best_sigma_val,min_best_sigma_val,max_best_sigma_val,boxplot_path,paired_t_stat_vs_ref,paired_t_p_vs_ref,mannwhitney_u_vs_ref,mannwhitney_p_vs_ref
rainbow,lab,50,0.1581348997692751,0.0003574979163389752,0.15738545922875544,0.1588879511620156,experiments/full_all_jitter_seed/rainbow_robustness_boxplot_50seeds.png,-142.65931395167607,7.562029046267084e-66,0.0,7.066071930388932e-18
rainbow,oklab,50,0.1415249431429784,0.019815810931987216,0.09796980775797014,0.19292202030798666,experiments/full_all_jitter_seed/rainbow_robustness_boxplot_50seeds.png,2.010733543581013,0.04987317216930217,1550.0,0.0389514842806052
rainbow,sucs,50,0.1471314113202592,0.0003364266188202355,0.14610820354763124,0.14781667402970877,experiments/full_all_jitter_seed/rainbow_robustness_boxplot_50seeds.png,nan,nan,nan,nan
rainbow,jzazbz,50,1.009429876186725,1.2510991425107312,0.18905695039808218,4.648812274463794,experiments/full_all_jitter_seed/rainbow_robustness_boxplot_50seeds.png,-4.873554135692755,1.1919323965799005e-05,0.0,7.066071930388932e-18
jet,lab,50,0.27631132016811427,0.00024247081378755847,0.27585559488961675,0.2769717356650832,experiments/full_all_jitter_seed/jet_robustness_boxplot_50seeds.png,-1094.3182177015328,3.5153266846304035e-109,0.0,7.066071930388932e-18
jet,oklab,50,0.19984497230359796,0.024871478829213485,0.1334158246548318,0.25504571656142366,experiments/full_all_jitter_seed/jet_robustness_boxplot_50seeds.png,7.822573707735886,3.5713863837085285e-10,2151.0,5.370249340419538e-10
jet,sucs,50,0.22738919571306762,0.00017894294481763588,0.22695350746048445,0.22777472745529728,experiments/full_all_jitter_seed/jet_robustness_boxplot_50seeds.png,nan,nan,nan,nan
jet,jzazbz,50,1.4315832750995368,1.2150866281834403,0.33745140989719813,4.150265765453818,experiments/full_all_jitter_seed/jet_robustness_boxplot_50seeds.png,-7.007295527029107,6.463363383055478e-09,0.0,7.066071930388932e-18
nipy_spectral,lab,50,0.5520771787450943,0.004711390144661386,0.5384323888083415,0.5553742309267734,experiments/full_all_jitter_seed/nipy_spectral_robustness_boxplot_50seeds.png,-136.5801013843973,6.354491775883509e-65,0.0,7.066071930388932e-18
nipy_spectral,oklab,50,0.3032205697591035,0.02753181300127325,0.2417392625350711,0.3690635890979447,experiments/full_all_jitter_seed/nipy_spectral_robustness_boxplot_50seeds.png,40.528680390714456,2.3846825969507725e-39,2500.0,7.066071930388932e-18
nipy_spectral,sucs,50,0.46084130606312174,0.0003527109083513219,0.45991674004037,0.46153841248588906,experiments/full_all_jitter_seed/nipy_spectral_robustness_boxplot_50seeds.png,nan,nan,nan,nan
nipy_spectral,jzazbz,50,1.6510532509697766,1.1199870940743952,0.0,5.960582699984413,experiments/full_all_jitter_seed/nipy_spectral_robustness_boxplot_50seeds.png,-7.51443165705255,1.0633026451549867e-09,200.0,4.650121801327341e-13
turbo,lab,50,0.25365296252763675,0.00031774833028974154,0.2530477761293952,0.2543980065925084,experiments/full_all_jitter_seed/turbo_robustness_boxplot_50seeds.png,-1503.4756778550093,6.116180445212548e-116,0.0,7.066071930388932e-18
turbo,oklab,50,0.17919286097554077,0.018302557103143012,0.14063876974933467,0.21919042014734083,experiments/full_all_jitter_seed/turbo_robustness_boxplot_50seeds.png,-8.38654203064947,4.9288866891885094e-11,250.0,5.564629970024057e-12
turbo,sucs,50,0.1574799173466942,0.0002877773971388539,0.1569230983727052,0.15816781363512397,experiments/full_all_jitter_seed/turbo_robustness_boxplot_50seeds.png,nan,nan,nan,nan
turbo,jzazbz,50,1.345678918688685,1.1931689333455469,0.25524312237000396,3.719187422438656,experiments/full_all_jitter_seed/turbo_robustness_boxplot_50seeds.png,-7.041332102565907,5.7246501511883e-09,0.0,7.066071930388932e-18
gist_rainbow,lab,50,0.42505022021609856,0.0003185426269807394,0.4244616649347677,0.4258198247024597,experiments/full_all_jitter_seed/gist_rainbow_robustness_boxplot_50seeds.png,-1307.1214947114547,5.816333783643632e-113,0.0,7.066071930388932e-18
gist_rainbow,oklab,50,0.2580589015946914,0.04149211144201043,0.1735667351336423,0.33792242741539014,experiments/full_all_jitter_seed/gist_rainbow_robustness_boxplot_50seeds.png,13.422205158689467,4.9112058604133345e-18,2450.0,1.3493221354195963e-16
gist_rainbow,sucs,50,0.3369459021510637,0.00033454722415202223,0.3360750453836352,0.33768832518149905,experiments/full_all_jitter_seed/gist_rainbow_robustness_boxplot_50seeds.png,nan,nan,nan,nan
gist_rainbow,jzazbz,50,1.4788051429566869,1.2234188494828573,0.3114704413306505,5.051804526815445,experiments/full_all_jitter_seed/gist_rainbow_robustness_boxplot_50seeds.png,-6.599406240371424,2.770301338683909e-08,50.0,1.3493221354195963e-16
hsv,lab,50,0.4138854425615748,0.00021588326509966926,0.41337622553186043,0.4143500005342186,experiments/full_all_jitter_seed/hsv_robustness_boxplot_50seeds.png,-1977.8053211131,8.939354686492128e-122,0.0,7.066071930388932e-18
hsv,oklab,50,0.23752068787799913,0.048431293154436277,0.16383396983657736,0.3633339276964321,experiments/full_all_jitter_seed/hsv_robustness_boxplot_50seeds.png,14.350712017005293,3.5556689355625923e-19,2400.0,2.2916580858237433e-15
hsv,sucs,50,0.33584362649835525,0.0001959178815549311,0.33544610569715416,0.33638322386078257,experiments/full_all_jitter_seed/hsv_robustness_boxplot_50seeds.png,nan,nan,nan,nan
hsv,jzazbz,50,1.4685077458576987,1.3440479350027026,0.30985293484176074,4.755547821692533,experiments/full_all_jitter_seed/hsv_robustness_boxplot_50seeds.png,-5.959035175488208,2.706300259688288e-07,50.0,1.3493221354195963e-16
cubehelix,lab,50,0.28923265055432074,0.0045133609552968895,0.2813140525520523,0.3015859436156312,experiments/full_all_jitter_seed/cubehelix_robustness_boxplot_50seeds.png,-151.68928683124324,3.762260713640759e-67,0.0,7.066071930388932e-18
cubehelix,oklab,50,0.17358127172193616,0.007714514703815898,0.1461817864595687,0.17992035675354998,experiments/full_all_jitter_seed/cubehelix_robustness_boxplot_50seeds.png,20.496819122903457,1.0988800624274857e-25,2500.0,7.066071930388932e-18
cubehelix,sucs,50,0.19551525301621905,0.0013728815273381567,0.1928601449338523,0.19869680123659314,experiments/full_all_jitter_seed/cubehelix_robustness_boxplot_50seeds.png,nan,nan,nan,nan
cubehelix,jzazbz,50,1.481312967078452,0.8522667284440733,0.0,4.180969853944905,experiments/full_all_jitter_seed/cubehelix_robustness_boxplot_50seeds.png,-10.665304455604824,2.272156072390616e-14,50.0,1.3493221354195963e-16
coolwarm,lab,50,0.09765013813941746,0.00017795884823758616,0.0971451394102809,0.0981141962352,experiments/full_all_jitter_seed/coolwarm_robustness_boxplot_50seeds.png,-678.0508778998919,5.388486164057212e-99,0.0,7.066071930388932e-18
coolwarm,oklab,50,0.14727253636382642,0.024713477091291514,0.10048641972664238,0.1922931035346398,experiments/full_all_jitter_seed/coolwarm_robustness_boxplot_50seeds.png,-22.319534580894324,2.5126749731737644e-27,0.0,7.066071930388932e-18
coolwarm,sucs,50,0.06938433124198957,0.00027696138905562,0.06885737224602276,0.07015361540208205,experiments/full_all_jitter_seed/coolwarm_robustness_boxplot_50seeds.png,nan,nan,nan,nan
coolwarm,jzazbz,50,0.43818265683301794,0.810522032697723,0.07865364033721065,3.410541178585404,experiments/full_all_jitter_seed/coolwarm_robustness_boxplot_50seeds.png,-3.217444619792373,0.002294341932465262,0.0,7.066071930388932e-18
bwr,lab,50,0.1778846322893214,0.00032721009537512477,0.17722681865257064,0.17880746244799336,experiments/full_all_jitter_seed/bwr_robustness_boxplot_50seeds.png,-91.66136827773207,1.8056711459821962e-56,0.0,7.066071930388932e-18
bwr,oklab,50,0.15796697891963304,0.023809603882514283,0.11537170777152592,0.20240890082689333,experiments/full_all_jitter_seed/bwr_robustness_boxplot_50seeds.png,-4.796140968288542,1.550686402199701e-05,624.0,1.6172272326684634e-05
bwr,sucs,50,0.14157024521457265,0.0028124271067533216,0.1354311494047664,0.1470903194436737,experiments/full_all_jitter_seed/bwr_robustness_boxplot_50seeds.png,nan,nan,nan,nan
bwr,jzazbz,50,0.4808732392947109,0.7685246722723517,0.11097095172638681,3.6992342602776094,experiments/full_all_jitter_seed/bwr_robustness_boxplot_50seeds.png,-3.123874352856159,0.0029953979229054104,580.0,3.923154832146049e-06
seismic,lab,50,0.29409586242361835,0.0036193255535321403,0.2773288155999395,0.2977901651187539,experiments/full_all_jitter_seed/seismic_robustness_boxplot_50seeds.png,-96.07536405695292,1.8247808713020765e-57,0.0,7.066071930388932e-18
seismic,oklab,50,0.23588597417040563,0.024547457824205594,0.18062570896071603,0.271335105296517,experiments/full_all_jitter_seed/seismic_robustness_boxplot_50seeds.png,2.45581847959235,0.0176495582347867,1500.0,0.08543097668983414
seismic,sucs,50,0.24441436183511164,0.0005321918404270798,0.24327756404606413,0.24589751132676366,experiments/full_all_jitter_seed/seismic_robustness_boxplot_50seeds.png,nan,nan,nan,nan
seismic,jzazbz,50,1.6661746058072482,0.9157223758264532,0.40084161662709933,4.204400777749527,experiments/full_all_jitter_seed/seismic_robustness_boxplot_50seeds.png,-10.976855079327722,8.33704728560173e-15,0.0,7.066071930388932e-18
RdBu,lab,50,0.098383929975065,0.0005042029614716313,0.09725386635921379,0.09941593535445187,experiments/full_all_jitter_seed/RdBu_robustness_boxplot_50seeds.png,-174.24373221134823,4.274714349561939e-70,0.0,7.066071930388932e-18
RdBu,oklab,50,0.1849290623853073,0.03218658496793829,0.11006501944654985,0.26204047805376435,experiments/full_all_jitter_seed/RdBu_robustness_boxplot_50seeds.png,-21.78016360121797,7.481211957589147e-27,0.0,7.066071930388932e-18
RdBu,sucs,50,0.08585349103745023,0.00017286490069165,0.08549002712668917,0.08618826247533248,experiments/full_all_jitter_seed/RdBu_robustness_boxplot_50seeds.png,nan,nan,nan,nan
RdBu,jzazbz,50,0.9162313581397398,0.9851524220273838,0.12989519669142582,3.4716438993174212,experiments/full_all_jitter_seed/RdBu_robustness_boxplot_50seeds.png,-5.960172577466145,2.695412099640584e-07,0.0,7.066071930388932e-18
Spectral,lab,50,0.18362679586425806,0.0003530792590332824,0.18284913395862037,0.18422668147785623,experiments/full_all_jitter_seed/Spectral_robustness_boxplot_50seeds.png,-194.1852083676622,2.1295731572389403e-72,0.0,7.066071930388932e-18
Spectral,oklab,50,0.1254477126258842,0.012232896527475329,0.09360375189563035,0.1431609050635435,experiments/full_all_jitter_seed/Spectral_robustness_boxplot_50seeds.png,18.999949784238012,3.004451784693557e-24,2500.0,7.066071930388932e-18
Spectral,sucs,50,0.15799810335224634,0.0008319814479319605,0.15620641269171953,0.1596118677299719,experiments/full_all_jitter_seed/Spectral_robustness_boxplot_50seeds.png,nan,nan,nan,nan
Spectral,jzazbz,50,0.8540250945950515,1.0555437902876688,0.15485702407212112,3.4360111884236066,experiments/full_all_jitter_seed/Spectral_robustness_boxplot_50seeds.png,-4.662601082565194,2.434297048096397e-05,50.0,1.3493221354195963e-16
PuOr,lab,50,0.12714443204850434,0.00018775586583296937,0.12681897402947104,0.12764599056210135,experiments/full_all_jitter_seed/PuOr_robustness_boxplot_50seeds.png,-659.9731999784028,2.025201200335615e-98,0.0,7.066071930388932e-18
PuOr,oklab,50,0.17817928972542,0.028909965030586,0.08868913060723882,0.22603542686906378,experiments/full_all_jitter_seed/PuOr_robustness_boxplot_50seeds.png,-18.278483003713497,1.591028990076251e-23,50.0,1.3493221354195963e-16
PuOr,sucs,50,0.1035699856835915,0.00017618833636274414,0.1032540322159348,0.10402685631961173,experiments/full_all_jitter_seed/PuOr_robustness_boxplot_50seeds.png,nan,nan,nan,nan
PuOr,jzazbz,50,0.6922206983058458,0.9046909990703061,0.14255970014555974,3.244294401943845,experiments/full_all_jitter_seed/PuOr_robustness_boxplot_50seeds.png,-4.600913751353374,2.994096593556948e-05,0.0,7.066071930388932e-18
PRGn,lab,50,0.10127473868808579,0.00011416041413988858,0.10099622215768084,0.10152932691527548,experiments/full_all_jitter_seed/PRGn_robustness_boxplot_50seeds.png,-601.440894662078,1.916737406886464e-96,0.0,7.066071930388932e-18
PRGn,oklab,50,0.16719901756440542,0.02917032304015811,0.09142973840892885,0.23212468919366855,experiments/full_all_jitter_seed/PRGn_robustness_boxplot_50seeds.png,-20.84165743116127,5.269008150873807e-26,0.0,7.066071930388932e-18
PRGn,sucs,50,0.08114506240554929,0.0001872449159272104,0.08082022823986093,0.08149811842827305,experiments/full_all_jitter_seed/PRGn_robustness_boxplot_50seeds.png,nan,nan,nan,nan
PRGn,jzazbz,50,1.1183877260466657,1.054301935345685,0.13994681048631938,3.7756168782645205,experiments/full_all_jitter_seed/PRGn_robustness_boxplot_50seeds.png,-6.95679952448424,7.738818051353775e-09,0.0,7.066071930388932e-18
BrBG,lab,50,0.11427530256934236,0.0004122297477014282,0.11330672773928235,0.11508466725709367,experiments/full_all_jitter_seed/BrBG_robustness_boxplot_50seeds.png,-714.5393099864317,4.1318930428220065e-100,0.0,7.066071930388932e-18
BrBG,oklab,50,0.1734480698944229,0.040051778478220855,0.09806232469276692,0.2795535797641483,experiments/full_all_jitter_seed/BrBG_robustness_boxplot_50seeds.png,-18.349494494698746,1.3473402674071072e-23,0.0,7.066071930388932e-18
BrBG,sucs,50,0.06961579325255408,0.00022728124598061998,0.06907914482359472,0.07014014299092504,experiments/full_all_jitter_seed/BrBG_robustness_boxplot_50seeds.png,nan,nan,nan,nan
BrBG,jzazbz,50,1.3270585443226337,1.0839430302328068,0.17753363855462195,4.299096893670297,experiments/full_all_jitter_seed/BrBG_robustness_boxplot_50seeds.png,-8.203055875197814,9.36320023865349e-11,0.0,7.066071930388932e-18
PiYG,lab,50,0.10195407413135756,0.00029146693318277237,0.10124101813348989,0.10257432564929267,experiments/full_all_jitter_seed/PiYG_robustness_boxplot_50seeds.png,-390.0497429822235,3.1346664527373683e-87,0.0,7.066071930388932e-18
PiYG,oklab,50,0.1609090841010227,0.027413800850879612,0.10371057487049633,0.21738200238226058,experiments/full_all_jitter_seed/PiYG_robustness_boxplot_50seeds.png,-21.482739038131346,1.378409317354158e-26,0.0,7.066071930388932e-18
PiYG,sucs,50,0.07778757238479488,0.0002976658507493017,0.07713787860217361,0.0784939416238092,experiments/full_all_jitter_seed/PiYG_robustness_boxplot_50seeds.png,nan,nan,nan,nan
PiYG,jzazbz,50,0.7187077836418796,0.9664195073756467,0.09017074323335687,3.5206705414702064,experiments/full_all_jitter_seed/PiYG_robustness_boxplot_50seeds.png,-4.689202109147313,2.2258428630844498e-05,0.0,7.066071930388932e-18
viridis,lab,50,0.02815802401747596,0.00018100073649356178,0.02782677980019179,0.0286512667044236,experiments/full_all_jitter_seed/viridis_robustness_boxplot_50seeds.png,16.789740253176937,5.825607336603077e-22,2480.0,2.331658126760535e-17
viridis,oklab,50,0.05125914495714322,0.00439088052853339,0.0443184239372182,0.056377267211595875,experiments/full_all_jitter_seed/viridis_robustness_boxplot_50seeds.png,-36.396243879185626,3.924241169688596e-37,0.0,7.066071930388932e-18
viridis,sucs,50,0.028827161569785657,0.0001944747509781286,0.028312844284104546,0.029171802957249273,experiments/full_all_jitter_seed/viridis_robustness_boxplot_50seeds.png,nan,nan,nan,nan
viridis,jzazbz,50,1.8129648568735397,1.1756432230967697,0.0,4.191326954108417,experiments/full_all_jitter_seed/viridis_robustness_boxplot_50seeds.png,-10.730981214872632,1.8374027115093947e-14,100.0,2.2912196829653406e-15
plasma,lab,50,0.05158102579132125,0.00031952652899044313,0.05049278973345762,0.0522659211012165,experiments/full_all_jitter_seed/plasma_robustness_boxplot_50seeds.png,56.09456638987468,4.037549940527107e-46,2500.0,7.066071930388932e-18
plasma,oklab,50,0.04337295560058862,0.0005776574597923799,0.041699487226946,0.04391739053552741,experiments/full_all_jitter_seed/plasma_robustness_boxplot_50seeds.png,134.3949550107438,1.3976669181916344e-64,2500.0,7.066071930388932e-18
plasma,sucs,50,0.0542512093565483,0.00016782444221822554,0.05382839966306924,0.05455525045444399,experiments/full_all_jitter_seed/plasma_robustness_boxplot_50seeds.png,nan,nan,nan,nan
plasma,jzazbz,50,0.7543245005930457,0.854015265630026,0.07535195785602283,3.5196417871922643,experiments/full_all_jitter_seed/plasma_robustness_boxplot_50seeds.png,-5.796467868589279,4.810631255006266e-07,0.0,7.066071930388932e-18
inferno,lab,50,0.0739549300206018,0.0005303335195516549,0.07248675874200096,0.07512292405432512,experiments/full_all_jitter_seed/inferno_robustness_boxplot_50seeds.png,-186.9102743440307,1.3796973149390882e-71,0.0,7.066071930388932e-18
inferno,oklab,50,0.047477035242123794,0.0023149149661760723,0.042638190214541585,0.051067231249052075,experiments/full_all_jitter_seed/inferno_robustness_boxplot_50seeds.png,30.356149727714783,1.9673600312661113e-33,2500.0,7.066071930388932e-18
inferno,sucs,50,0.05780031639281485,0.00037403035960183433,0.05698450030396477,0.058633816007238125,experiments/full_all_jitter_seed/inferno_robustness_boxplot_50seeds.png,nan,nan,nan,nan
inferno,jzazbz,50,1.0166585890607929,0.5224218217084873,0.0,3.1995562094525103,experiments/full_all_jitter_seed/inferno_robustness_boxplot_50seeds.png,-12.978489792710986,1.7887841067462773e-17,50.0,1.3493221354195963e-16
magma,lab,50,0.060023155742409774,0.00032124246660072687,0.05906554559742923,0.06071458963975261,experiments/full_all_jitter_seed/magma_robustness_boxplot_50seeds.png,-99.28847232545392,3.670000297307687e-58,0.0,7.066071930388932e-18
magma,oklab,50,0.03900974568573309,0.0010374609646384661,0.03627933332060103,0.04158108010627566,experiments/full_all_jitter_seed/magma_robustness_boxplot_50seeds.png,89.93047313806761,4.5706883643596325e-56,2500.0,7.066071930388932e-18
magma,sucs,50,0.05336992711517875,0.0003087637618746946,0.052598356918114014,0.05409705429753108,experiments/full_all_jitter_seed/magma_robustness_boxplot_50seeds.png,nan,nan,nan,nan
magma,jzazbz,50,0.9545044702511397,0.5867345771962597,0.1967093031884954,2.89965201047439,experiments/full_all_jitter_seed/magma_robustness_boxplot_50seeds.png,-10.859300998450829,1.215288984491523e-14,0.0,7.066071930388932e-18
cividis,lab,50,0.0265015697786963,0.00029206236533571063,0.025734734999702438,0.027122053811161197,experiments/full_all_jitter_seed/cividis_robustness_boxplot_50seeds.png,-58.59535699213869,4.912590018655198e-47,0.0,7.066071930388932e-18
cividis,oklab,50,0.07140066229343253,0.015273187243652663,0.038085376231823925,0.08815729084995023,experiments/full_all_jitter_seed/cividis_robustness_boxplot_50seeds.png,-22.289547654758643,2.6682791052683863e-27,0.0,7.066071930388932e-18
cividis,sucs,50,0.023282846681295048,0.00026310988257906927,0.02255028869982543,0.023860273012347066,experiments/full_all_jitter_seed/cividis_robustness_boxplot_50seeds.png,nan,nan,nan,nan
cividis,jzazbz,50,1.2904634446444825,0.8991538315958382,0.0,3.8442108065000458,experiments/full_all_jitter_seed/cividis_robustness_boxplot_50seeds.png,-9.965080558228246,2.2607579219388107e-13,50.0,1.3493221354195963e-16
RdYlBu,lab,50,0.11850826197848441,0.00023313632154294028,0.11801607540537737,0.11904124080811329,experiments/full_all_jitter_seed/RdYlBu_robustness_boxplot_50seeds.png,-789.8868154180241,3.040414230246724e-102,0.0,7.066071930388932e-18
RdYlBu,oklab,50,0.13420692673771023,0.02577948325465212,0.07028313042522727,0.17229257821232044,experiments/full_all_jitter_seed/RdYlBu_robustness_boxplot_50seeds.png,-14.038341962193664,8.499621737744197e-19,50.0,1.3493221354195963e-16
RdYlBu,sucs,50,0.08300700286257501,0.0002474776558106827,0.08256329267653513,0.08362634298699034,experiments/full_all_jitter_seed/RdYlBu_robustness_boxplot_50seeds.png,nan,nan,nan,nan
RdYlBu,jzazbz,50,0.6345785426595183,0.8866810800184605,0.12700102708632294,3.3288977503825317,experiments/full_all_jitter_seed/RdYlBu_robustness_boxplot_50seeds.png,-4.39852761411764,5.8667077209310755e-05,0.0,7.066071930388932e-18
GnBu,lab,50,0.05217355665020491,0.0006989936656084791,0.05033847268127109,0.054926235651250814,experiments/full_all_jitter_seed/GnBu_robustness_boxplot_50seeds.png,-56.290084921223766,3.4133663081320522e-46,0.0,7.066071930388932e-18
GnBu,oklab,50,0.09535775245053209,0.016940594572252235,0.06951638268408343,0.13129078640606573,experiments/full_all_jitter_seed/GnBu_robustness_boxplot_50seeds.png,-26.99874369342859,4.465958871032913e-31,0.0,7.066071930388932e-18
GnBu,sucs,50,0.029558633467204304,0.002795667975704703,0.02622768058856891,0.03693027827443171,experiments/full_all_jitter_seed/GnBu_robustness_boxplot_50seeds.png,nan,nan,nan,nan
GnBu,jzazbz,50,0.9533502094122807,1.074046066548471,0.10623652963059943,4.372515792944324,experiments/full_all_jitter_seed/GnBu_robustness_boxplot_50seeds.png,-6.083352563866752,1.7410331860596615e-07,0.0,7.066071930388932e-18
YlOrRd,lab,50,0.0705421583169771,0.0007370068955367868,0.06798702436854043,0.07214164911421303,experiments/full_all_jitter_seed/YlOrRd_robustness_boxplot_50seeds.png,-20.828241735833398,5.420866499510278e-26,0.0,7.066071930388932e-18
YlOrRd,oklab,50,0.04755489414661098,0.005840103331720521,0.03876130630890341,0.059976942950278105,experiments/full_all_jitter_seed/YlOrRd_robustness_boxplot_50seeds.png,-3.652103427430283,0.0006319787946787004,866.0,0.008198594343879826
YlOrRd,sucs,50,0.04117295091074609,0.010072174527467944,0.023522560504502785,0.053718985052926674,experiments/full_all_jitter_seed/YlOrRd_robustness_boxplot_50seeds.png,nan,nan,nan,nan
YlOrRd,jzazbz,50,0.6192759633246931,0.7951278270673223,0.09995140649636265,3.414479514248388,experiments/full_all_jitter_seed/YlOrRd_robustness_boxplot_50seeds.png,-5.148249571214993,4.643673852249618e-06,0.0,7.066071930388932e-18
gray,lab,50,0.1110845149673966,0.005790011442387091,0.0985640896536315,0.12169705738683596,experiments/full_all_jitter_seed/gray_robustness_boxplot_50seeds.png,-47.338551767897826,1.4231733211320446e-42,0.0,7.066071930388932e-18
gray,oklab,50,0.14189348268714927,0.005324170715059961,0.1320009386636231,0.14948662116551012,experiments/full_all_jitter_seed/gray_robustness_boxplot_50seeds.png,-85.16575966828619,6.474541157420998e-55,0.0,7.066071930388932e-18
gray,sucs,50,0.07102541808651097,0.0014155932256654643,0.06805960920054215,0.07423181629693273,experiments/full_all_jitter_seed/gray_robustness_boxplot_50seeds.png,nan,nan,nan,nan
gray,jzazbz,50,1.2274102172795354,0.7783992754695757,0.18349869179543474,4.041856648356996,experiments/full_all_jitter_seed/gray_robustness_boxplot_50seeds.png,-10.507635286346417,3.791596525746092e-14,0.0,7.066071930388932e-18
